H9+v3iE+cm;8-lQu-xVp7;L109 HE;1950.00;2019-02-01
r6w7qA-cO_;xgN+3u7Q!x;Banshee Elite 3.0;66959.52;2018-03-17
e+nyQe2-P6;xgN+3u7Q!x;Banshee Elite 3.0;55799.60;2021-09-24
aB3n9_lr+S;!8-Ypev8Wy;M05 Gore-Tex;19709.48;2019-11-04
ps9_!tC5Fo;+5r3o!vIlS;Barrett M82;247058.00;2020-10-21
+s!lD28Qng;N_0uOl-fm7;Vector 9X19;34768.02;2020-01-30
i_tq6P+H8l;ag72U_uM-i;Banshee Elite 3.0;33479.76;2020-02-02
_udsl!HR35;k4+Vz-Rhi2;L109 HE;1600.00;2016-02-29
iGxy7+m9F-;xgN+3u7Q!x;HK416 A5;10900.16;2017-06-21
-p_eOiv0Y3;iK!ck1I8+w;Barrett M82;194117.00;2019-08-31
y9x7-j!NRe;ag72U_uM-i;Barrett M82;114705.50;2015-06-30
!!Wh81esRl;xaVo_4+Mr8;Banshee Elite 3.0;13949.90;2017-03-15
_b!1Fyb8aA;8-lQu-xVp7;Vector 9X19;39734.88;2021-06-07
+2tqy!zH9D;xgN+3u7Q!x;Vector 9X19;69536.04;2018-12-10
y7in_0V+jL;+a40A!qmvM;Vector 9X19;33112.39;2019-03-04
nQ-Jqm3k2+;zHs8jqH!0_;L109 HE;900.00;2020-02-15
lB6Z_a_n8e;!zyB+c4h3K;SIG P226R;36522.60;2015-10-26
pUo9!A-7mz;+8j7J+hqkF;Barrett M82;273528.50;2017-07-03
x7F3mU-!zp;uuG9e_+x1T;Banshee Elite 3.0;62774.55;2021-12-28
-zA4xV+g6h;+5r3o!vIlS;L109 HE;2300.00;2015-01-30
6-_Yg5mBjk;iK!ck1I8+w;L109 HE;450.00;2021-05-26
H66!-qyDoj;Q+x8-9htvH;Barrett M82;211764.00;2017-04-05
_5ZIxak+0f;lqU5Sk6-!s;Banshee Elite 3.0;37664.73;2019-03-25
3+lwTD7+cq;yk!47bdTQ!;M05 Gore-Tex;9167.20;2018-02-01
!Sv1-ep9Gb;+0w9K_jRss;SIG P226R;19478.72;2017-05-05
AM4v-zc6a!;!8-Ypev8Wy;Vector 9X19;44701.74;2021-12-26
7+rzdYv0Y!;_oB!54Etre;SIG P226R;6087.10;2021-12-07
Qt59Sa+_dn;uuG9e_+x1T;HK416 A5;20378.56;2017-09-09
VFd_g!c08o;xaVo_4+Mr8;Barrett M82;79411.50;2021-05-03
b5J!6mdAe+;N_0uOl-fm7;Banshee Elite 3.0;65564.53;2020-05-02
sQdR+59!on;bph7Mz-5!H;Banshee Elite 3.0;34874.75;2019-10-27
+nhZ37Fi!i;lqU5Sk6-!s;L109 HE;2000.00;2015-10-15
Z5c_jfvP3+;xgN+3u7Q!x;Vector 9X19;71191.65;2016-12-10
7-Dfk_7rmF;zHs8jqH!0_;HK416 A5;22274.24;2016-06-17
uljPX00!l+;+5r3o!vIlS;Vector 9X19;81125.37;2020-08-04
UCssw4+5g-;l6vo!9U!Ie;L109 HE;1500.00;2018-10-15
6P3xnWi!_g;cNgL3_y!0u;L109 HE;550.00;2016-09-02
sun!G01_Vb;tqx_7B3pQ-;SIG P226R;40174.86;2016-06-22
owAA2_t3+q;Q+x8-9htvH;Banshee Elite 3.0;6974.95;2017-04-23
!xe6+j6DlU;cNgL3_y!0u;Vector 9X19;62913.56;2016-12-20
hrb3e6--XK;J+e+os4K3j;SIG P226R;13391.62;2017-09-02
l3!E6Dlxw_;!8-Ypev8Wy;M05 Gore-Tex;16042.60;2020-03-30
!9tWMf1io!;bph7Mz-5!H;HK416 A5;10426.24;2021-10-15
F10fuyDz_-;+5r3o!vIlS;L109 HE;400.00;2015-07-18
nv1+s!xOF6;xaVo_4+Mr8;SIG P226R;17043.88;2021-05-07
iVa3I-z_q7;hFh+H1v-f3;Vector 9X19;36423.64;2015-08-13
P-u9w!2jeJ;iK!ck1I8+w;SIG P226R;57218.74;2017-02-11
-pj2pZ5D!o;J+e+os4K3j;HK416 A5;9478.40;2018-11-26
hCL_22pf-j;uuG9e_+x1T;SIG P226R;15826.46;2020-08-07
3+-Hswu8Zu;8-lQu-xVp7;L109 HE;1600.00;2017-09-12
dt7pZCw8__;xaVo_4+Mr8;HK416 A5;13743.68;2017-11-21
o!3qa7nQK+;xgN+3u7Q!x;Banshee Elite 3.0;33479.76;2018-03-06
xK5_ck_8qA;N_0uOl-fm7;HK416 A5;8056.64;2019-04-01
udx6uH--8V;XpL_1-i4xt;M05 Gore-Tex;20167.84;2015-09-27
o_J!ca5yX5;bqzDvF8+_1;L109 HE;2350.00;2018-11-13
Cte+z_y2H6;V_floxF00-;M05 Gore-Tex;22459.64;2020-10-07
c0Q+3yyy!E;yk!47bdTQ!;HK416 A5;22748.16;2021-12-04
-4aMzE+s0b;k4+Vz-Rhi2;HK416 A5;18956.80;2015-10-15
+!Nllr0b2P;J+e+os4K3j;Banshee Elite 3.0;13949.90;2016-03-24
2OuBf3o+-i;8-lQu-xVp7;L109 HE;1950.00;2016-05-08
suo83_gZQ-;+0w9K_jRss;SIG P226R;26783.24;2018-03-26
n6Xwd0dT_+;zHs8jqH!0_;Banshee Elite 3.0;8369.94;2021-03-10
3!BM+izql6;hFh+H1v-f3;SIG P226R;56001.32;2016-06-09
sl-MvX9r7-;!zyB+c4h3K;M05 Gore-Tex;20167.84;2016-08-09
+Li1nucL5!;+7!VawMn5x;Barrett M82;229411.00;2017-01-19
!4z3W-Tyuj;+8j7J+hqkF;SIG P226R;41392.28;2021-09-01
+E9qRuok-2;xaVo_4+Mr8;Barrett M82;414704.50;2021-03-03
_1KZgd_nz0;hFh+H1v-f3;SIG P226R;7304.52;2017-08-02
V-!Kbbc75x;+8j7J+hqkF;Vector 9X19;67880.42;2021-02-11
iEs2R_m_9t;bph7Mz-5!H;HK416 A5;6160.96;2021-04-19
!x7o2qPv+T;k4+Vz-Rhi2;Barrett M82;370587.00;2017-12-22
5oLVb_oq+8;xgN+3u7Q!x;Banshee Elite 3.0;25109.82;2021-03-20
w_u4y3Bk!T;k4+Vz-Rhi2;M05 Gore-Tex;22001.28;2015-01-08
aZf_0g+1Mh;xgN+3u7Q!x;SIG P226R;40174.86;2021-07-02
0z_9doEiE_;Q+x8-9htvH;SIG P226R;8521.94;2016-05-03
wGCb_7x_a3;xgN+3u7Q!x;Banshee Elite 3.0;8369.94;2017-04-02
njb8c__7GE;V_floxF00-;Banshee Elite 3.0;48824.65;2019-12-19
+-l2OFd8lq;cNgL3_y!0u;L109 HE;1800.00;2017-07-01
_j7-akyQD6;+a40A!qmvM;Barrett M82;352940.00;2018-07-13
ub+c24K!bB;hFh+H1v-f3;Barrett M82;414704.50;2018-11-14
5Vtl9!gAl+;+8j7J+hqkF;M05 Gore-Tex;3666.88;2015-03-25
k6k!IaFo+4;+0w9K_jRss;Banshee Elite 3.0;11159.92;2016-12-08
N9yf!4j_Kv;ag72U_uM-i;Banshee Elite 3.0;25109.82;2017-01-11
brv-N1-mM6;bqzDvF8+_1;L109 HE;850.00;2021-10-05
m!pp_U0Dj7;8-lQu-xVp7;HK416 A5;19430.72;2018-06-17
kB!_2gXa9b;!8-Ypev8Wy;HK416 A5;17535.04;2017-09-28
z-qU_jt20C;xaVo_4+Mr8;SIG P226R;34087.76;2021-06-12
Q7p0rd+i-K;xaVo_4+Mr8;M05 Gore-Tex;10542.28;2016-08-04
hd6!1vp_QO;J+e+os4K3j;Vector 9X19;66224.79;2015-09-03
k+D_lK8m4i;+0w9K_jRss;Barrett M82;423528.00;2016-07-04
K4mh!9_tKp;cNgL3_y!0u;Barrett M82;149999.50;2016-03-20
-2q_l5xjZO;+a40A!qmvM;L109 HE;450.00;2019-07-04
eKwm!3r7P-;!zyB+c4h3K;Barrett M82;405881.00;2016-07-19
-Yyjp3+Pj5;8-lQu-xVp7;Vector 9X19;26489.92;2020-11-21
5t1RJvh-_m;iK!ck1I8+w;HK416 A5;18482.88;2017-06-08
!aq8y+L4sB;+5r3o!vIlS;HK416 A5;22274.24;2017-09-10
-0vn_5FYvg;+8j7J+hqkF;Vector 9X19;34768.02;2015-10-11
+_b9LfeI9u;!8-Ypev8Wy;HK416 A5;18008.96;2021-05-05
_h8_t0qEcB;w!xGey65-I;L109 HE;1150.00;2021-06-10
3laW6-Dt+f;cNgL3_y!0u;Vector 9X19;54635.46;2018-11-10
