__Xyl6Xk7y;Nancy Harrison;1968-07-19;Production;0
_-4Tpu3Tih;Ryleigh Monroe;1971-09-05;Human resources;5
_4PZ5f+fco;Deshawn Fox;1969-02-06;Finance;7
_b_w63ZsMu;Junior Kemp;1985-11-29;Finance;4
_cbzX7h3!N;Lilian Cole;1966-08-15;Finance;3
_j_Pl06yjT;Ryann Garner;1991-08-03;Sales;2
_P_Fpj66sy;Amaris Barker;1966-12-13;Marketing;3
_rsXDo+3j8;Zachary Watts;2001-04-13;Human resources;1
_Tw2i_r0Xg;Chelsea Pitts;1980-09-28;Production;2
_vD2a1+ylA;Bentley Good;1970-09-30;Finance;3
_W55ddhgB+;Margaret Heath;1996-12-23;IT;5
--0igbZf5V;Terry Wilkinson;1966-06-18;Sales;0
-!7eZaF7cn;Stacy Massey;1975-11-17;Production;3
-5g!B2irhI;Trevor Mullins;1997-08-21;Sales;3
-5wYEw7-nc;Raegan Mays;1984-07-02;Production;2
-7i5MiowP!;Steve Lopez;1999-07-11;IT;2
-9g!O7cjfO;Troy Cohen;1962-10-26;Human resources;0
-Nl5eK7sv+;Francesca Stanley;1977-08-31;Production;4
-Sdd2dX1-r;Roman Boyle;2000-05-18;Finance;0
!_8aKlrJd1;Bella Sanders;1999-03-31;Finance;1
!0Xvg!vQn7;Dakota Gould;1987-09-17;Management;5
!5wbQ5Fl!c;Joanna Hays;2001-07-06;Production;4
!60fabe!RT;Alissa Yoder;1978-11-30;IT;6
!70jH+boPm;Heather Holder;1969-07-06;Management;5
!7l5iB!Fhz;Darrell Benitez;1994-10-13;Production;0
!ah!11GBih;Jarrett Buckley;1984-02-03;Production;4
!g5eDz3-Ki;Eliza Sanders;1967-06-01;Finance;2
!i6J2n_yPs;Korbin Woodard;1964-12-09;Sales;5
!J+0ir3Utc;Demarion Casey;1989-02-12;Production;1
!Nskq7jX_7;Annika Colon;2003-02-21;Finance;2
!q4Tf7rRw+;Urijah Howe;1965-02-23;IT;1
!Re+or5V7f;Andre Oneal;1978-01-19;Production;1
!rl-xC72kX;Briana Liu;1986-05-04;Finance;0
!sX!e1Z0qk;Sofia Stokes;1997-05-29;Production;1
!uXN_vqg29;Gordon Summers;2004-03-18;Finance;1
!X+rf9xBg3;Charity Simon;1971-08-20;Production;6
!y07au-IPb;Taylor Woodward;2002-07-01;Production;3
!yNn5Nn1-y;Ashanti Best;1995-06-23;IT;0
+3cZ7ehL-u;Melissa Pugh;1972-06-04;IT;1
+3lpGW8+nn;Deanna Hernandez;1994-04-18;Management;1
+4v9MTiu+t;Alissa Mcconnell;2003-03-12;Management;1
+9Fnji-c8P;Zane Wu;2001-04-06;Production;0
+fzH+5H2sg;Brooklyn Gamble;2002-11-05;Marketing;2
+S6b-2lAsp;Dahlia Hayes;1967-04-15;Management;5
+t1Eq!1Cye;Mara Zamora;1978-02-03;Production;1
+ViB7qp5+c;Yair Graves;1995-01-08;Production;0
#NAME?;Frida Grant;1970-03-04;Sales;2
=-!p3JhzAe7;Omari Vazquez;1966-04-15;Marketing;7
#NAME?;Aliyah Bonilla;1971-03-01;Human resources;4
#NAME?;Jay Klein;2003-11-11;Production;6
#NAME?;Jakobe Gallagher;1978-10-30;IT;0
#NAME?;River Parker;1973-07-14;Marketing;5
#NAME?;Kody Pittman;2000-12-17;Production;1
#NAME?;Erick Downs;1969-02-06;IT;1
#NAME?;Derek Moody;1969-03-19;Finance;6
#NAME?;Justine Villarreal;1969-07-20;Management;1
#NAME?;Scarlett Robles;1963-08-07;Production;5
=+D9e2bv!mF;Jaidyn Carey;1973-10-22;Sales;3
#NAME?;Isla Terry;1964-01-21;Production;4
#NAME?;Maia Ingram;2002-04-20;Marketing;1
#NAME?;Kameron Clements;1968-04-16;Human resources;1
#NAME?;Dalton Mathis;1977-09-08;Human resources;0
#NAME?;Aydan Finley;1977-09-25;Production;7
#NAME?;Kayden Brady;2004-08-12;Human resources;3
=+sTq6o8!Rd;Monique Mccoy;2001-03-07;Production;2
#NAME?;Alejandra Curtis;1965-10-28;Sales;2
#NAME?;Dalia Snow;1965-11-06;Production;3
0_9od_NTtt;Karla Kaufman;1968-07-02;Finance;1
0duZ3Y!+tt;Laney Jimenez;2003-08-19;Production;1
0Tv7-pEmz+;Omari Hanson;1983-09-24;Production;3
0U+pj2Qy!d;Shane Rose;1977-05-18;Production;5
14_KjY+ymk;Helena Cowan;1996-11-08;Production;5
14K!qM_uyr;Guadalupe Oconnor;1964-12-05;Production;0
1dp_sYcP5+;Mira Gibbs;1997-03-01;Production;2
1j2B_k+Fxa;Tiara Osborn;1985-05-09;Production;2
1MVl_ur7+g;Aarav Sloan;1975-04-25;Production;4
1ubO-Y-0sh;Gretchen Hudson;1961-10-15;Production;1
1xeO!g8U_l;Savannah Yu;1963-10-10;Marketing;1
2-d-QlK2wk;Alden Huynh;2004-04-05;Production;0
2+oke-5DtR;Lucia Dillon;1986-04-25;Production;2
25oax+bJD+;Ruth Daniel;1972-01-15;Finance;2
2brzbW5!!N;Deegan Jacobson;1971-05-21;Management;1
2dA-kr-cB1;Maci Santos;1980-01-02;IT;2
2Eoj-L4e+e;Tyree Fleming;2004-01-25;Finance;2
2g+ac+oB3S;Jeremy Hogan;1995-07-01;IT;7
2KvJz7_w+v;Joaquin Russell;1987-04-30;Human resources;1
2nOm+!2Epw;Raymond Fitzgerald;1979-05-06;Production;5
2Se+To_a6w;Elsa Salinas;1997-08-11;Marketing;2
2uQE!cwl-0;Britney Mccormick;1987-01-28;Production;2
2Y_von8Vo_;Harper Rogers;1980-05-20;IT;0
3!t2uQ!Dtv;Zayne Davila;1980-01-21;Human resource;4
33!VakIbu_;Jenny Stephens;1985-03-19;Finance;0
3guod-!Q9S;Nora Wood;1997-09-04;Production;0
3te!wmAS6+;Alana Keller;1990-01-19;Human resources;2
3vwY+8!zWl;Kadin Rivera;1997-05-09;Production;1
3vz+9lFL!f;Rose Hines;1982-07-05;IT;0
3x+rA-Zbh3;Yazmin Pollard;1974-09-18;Sales;2
4DjV-y4cl+;Paris Lynch;1980-12-14;Production;0
4eAC!!lx8q;Trent Wyatt;1987-05-10;Production;4
4Txto-Ug6+;Jimmy West;1972-10-03;Management;0
4zh-+tkOD6;Keagan Burch;1984-08-31;Sales;2
5!Wsc_8Fva;Sophia Braun;1987-10-14;Human resources;4
5a+m-9QDeb;Chance Coffey;1989-08-15;Sales;0
5E6fof-Cg+;Tate Torres;1999-01-15;Human resources;0
5f4Cb-mCi-;Darion Ramos;1974-09-24;Production;4
5yMh9p++sN;Bradyn Buchanan;1976-01-17;Production;1
6!+D5copvD;Darien Osborne;1986-08-07;Production;3
62Io+Id!ix;Norah Romero;1967-09-22;Sales;4
68_tzj!rJM;Carlos Armstrong;1995-10-03;Sales;1
6e!uWP4g-n;Simeon Watkins;1969-02-21;Production;0
6h-o2L+fJp;Grady Wilson;1972-04-05;Production;2
6wh8Fv!dO-;Tyrell Kennedy;1995-04-10;Human resources;1
7!n+6jbbJA;Andy Collier;1968-05-27;Management;4
7dBwsT!-u1;Ignacio Russell;1987-04-10;Production;1
7faioD_+3H;Franco Robinson;1972-04-27;Human resources;1
7ww_lRm_M9;Britney Tyler;1963-02-13;Finance;0
8!jJ6u+hKg;Jonathon Stanton;1980-11-01;Production;6
80EX!jwl!x;Carlie Warner;1966-03-03;Production;5
82-lbmMoP_;Cedric Larsen;1973-10-24;Production;3
86O-ebJ-il;Sabrina Turner;1992-09-04;Finance;0
8Mtzb7vA+_;Celia Delgado;1970-10-26;Production;2
8t__ALj5bv;Shawn Elliott;1961-12-20;Production;5
8V2uMq!-pc;Adriel Morris;1982-05-22;Production;1
8wl_Jnd4!Q;Allison Luna;1965-04-26;Marketing;0
8y+ppKbW+8;Marissa Alvarez;1963-08-21;Human resources;3
9_DHe-mf0h;Kian Zamora;1970-09-06;Human resources;0
9-2qsfVm_N;Monserrat Barber;1973-03-12;Production;2
9p3nAt+_xS;Colton Bridges;1965-05-08;Finance;3
9qz_zBu1F_;Izaiah Reid;1963-06-14;IT;3
a_!6mh8MlF;Elsie Copeland;1999-08-25;Production;0
A_9c-gc0cB;Krystal Fernandez;1986-10-24;Sales;4
a_c7id1_UA;Riley Lee;2001-06-10;Production;2
a!yd5y+C0E;Rogelio Blake;2003-04-02;Production;2
A+ba9Z9mg+;Matteo Hahn;1967-02-15;Production;0
A3-tui!oO7;Cassandra Curry;1963-07-19;Marketing;2
a4qz_dO!E9;Adonis Guerrero;1985-02-22;IT;4
ac-1c0Uz-E;Adolfo Nunez;1966-12-03;Marketing;6
ag6-hYP2+d;Dahlia Webster;1967-11-09;Sales;5
Al_5tg-2vD;Carolina Vazquez;1960-09-25;Production;0
amP1+a9_Fl;Madalynn Donovan;1979-11-05;Human resources;6
Ar_9d!m7Hh;Kayleigh Key;1982-01-02;Sales;5
b3+X!Aqg5v;Bentley Espinoza;1962-01-28;Sales;5
bH!28!Ypnh;Sienna Wilkerson;1974-06-09;Human resources;1
Bm+!xmjB17;Selah Richard;1997-10-20;Management;3
bMtc-Of63-;Giselle Allen;1960-06-05;Human resources;3
bn-d0pS!W4;Charlie Kemp;1960-04-04;Production;7
c5z_mJ!a0X;Arthur Mckay;1990-01-02;Production;2
cCd3-eWo+0;Erica Decker;1981-10-01;Management;1
ct2hgC!6D-;Jovanny Saunders;1976-11-06;Sales;6
cWk1g_-9Cv;Alexia Leach;1994-07-28;IT;0
D_dDuo53q!;Elle Nixon;1983-10-12;Production;2
d!JLl9_bk8;Sherlyn Love;1965-05-24;Finance;0
Dg5_9lnc_A;Wyatt Oneal;1960-04-22;IT;2
dK9gVx!+9p;Jesus Travis;1986-04-27;Human resources;0
dq1H+c5Mq+;Ahmed Madden;1965-04-08;Production;0
dsK+b9_6Nj;Kennedi Donovan;1995-02-01;IT;2
e_23HdhR_y;Jamie Vargas;1963-07-10;Human resources;3
e-J98mid+B;Dennis Solis;1974-09-17;Finance;1
e!-Yo3Nbn2;Christopher Newman;1979-05-26;Production;2
e!7yFogY7!;Brayden Rice;1978-06-28;Finance;1
e0oxB+W!u7;Nathanael Castillo;1966-05-15;Production;0
e3n8+Duk_V;Clinton Rodgers;1979-03-12;Production;0
E6i5!vZ_vq;Allisson Ali;1987-11-03;Finance;6
e7o!n-A9fX;Kamila Hall;1993-03-29;IT;1
Ei9_-7Cmqw;Arely Cooke;1969-07-07;Marketing;3
eIjh5O!2i_;Cory Dorsey;1990-03-20;Sales;5
ep+j-O54Dn;Yasmine Hurley;1987-01-20;Marketing;7
etr6I_V!6b;Jax Mcmahon;1998-12-17;Production;6
Ewr5-Pa+8a;Brody Fischer;1980-09-29;Marketing;1
f_I1Re6+fu;Iyana Bender;1968-10-25;Marketing;4
fF5Gq-4ps_;Alejandra Brandt;1997-10-30;Finance;0
FkBvz_95t_;Gavyn Huber;1991-07-26;Sales;1
G+Ye_ba67d;Alyvia Morrison;1984-02-29;Production;6
g5!n3jTEs-;Libby Murillo;1994-02-11;Human resources;1
gC3--vYyh5;Eleanor Mcguire;1964-07-24;Finance;2
ghJJ2e-1!x;Sarahi Faulkner;1969-05-07;Finance;0
gk2QB-_nw7;Jean Schmitt;1970-04-30;Production;5
goys!M-7K4;Aryanna Roman;1983-09-22;Production;2
h!iLxS5s-9;Gary Martinez;1973-11-18;Production;3
H2xHk_y+u6;Nash Mclaughlin;1994-06-01;Marketing;2
H46_c+mHsc;Lena Mccormick;1982-12-19;Human resources;5
h6m-9r-GIl;Izabella Russo;2002-08-08;IT;6
HB+4h1!efn;Kai Compton;1971-07-09;Production;1
hG3-9oj+pN;Nicholas Moody;1982-02-20;Production;1
i!+7ssKr2D;Ryan Franklin;1982-12-27;Human resources;1
i70b+CaX-c;Benjamin Turner;2004-11-19;Production;2
i9_RpbL0_j;Bryant Ingram;1967-08-09;Production;0
iawN9+p-7E;Santos Riggs;1962-03-16;Human resources;5
idF3Ut9s!-;Tyree Becker;1972-07-02;Production;0
Iox!34K+gt;Brayden David;1967-03-19;Management;6
j-y1wHY1a_;Eliana Boyer;1984-09-28;Human resources;0
j+dB16Ics-;Matteo Becker;1969-11-29;Production;0
j70-Ssk!yP;Grayson Steele;1987-11-24;Sales;1
j7L9+sfy+X;Giuliana Chung;1989-05-24;Production;2
j8+ng9-GoT;Davin Cantu;1961-09-14;Finance;6
Jv_Fk9+rn1;Janiah Ramos;1972-07-03;Sales;2
K_v-N9ig0f;Liliana Reeves;2004-10-04;Human resources;7
K_Yr+0cjr9;Neveah Blankenship;1999-02-04;Marketing;0
k-h_5h6TyJ;Payten Rush;1976-01-29;Production;0
K7+_pu7Moo;Donna Villarreal;1989-03-13;Production;2
Kcpj-47y_L;Keenan Gentry;2004-03-19;Finance;1
kg_5!T9Eik;Kayla Tran;1982-10-12;Production;0
Km!6qb4qA!;Reyna Wood;2003-09-09;Production;7
Ko2o_cQ-1w;Valeria Kirk;1964-09-29;Production;7
kW_xf-3R2b;Amira Schmitt;2002-10-20;Production;2
l5bD+acU7-;Kevin Conner;1986-12-16;Production;2
lhS7+Vzl5!;Ismael Huber;1990-01-30;Marketing;1
LL_!l5er3g;Zane Tanner;1991-04-29;Production;4
lNlq6Do-4+;Tripp Quinn;1983-10-20;Production;6
ly+v9sUD-1;Zara Lyons;1980-09-30;Management;3
M29Bhgx!_b;Joel Morris;2001-09-26;Production;2
mc!Zc83!zU;Hudson Hogan;1979-06-30;Human resources;4
mn+7a-hP7D;Margaret May;1975-12-03;Marketing;0
mPR-!hp75u;Devin Ball;1976-04-28;Production;1
mw!h6P-H9g;Brent Bautista;1976-09-11;Marketing;1
n+0h-X4Nhd;Iliana Dunn;1970-08-21;Finance;5
n+D-a5H9hh;Hailie Warren;1964-10-31;Finance;3
n7Y+2si!jH;Ezequiel Todd;1979-05-25;Sales;0
nGnJm_d74+;Joshua Berry;1965-01-26;Production;5
O_5vYq9f!v;Maia Riggs;1966-03-31;Finance;4
ofh7_f-C4L;Sanai Brennan;1997-05-03;IT;2
Oft-Io+3e7;Donald Jones;1974-01-30;Production;2
oh-u2I_8Zx;Allan Walsh;2000-01-04;Production;2
ojY9!8Yyh!;Ellie Suarez;1960-05-27;Finance;4
oKN_!o5t1y;Alexis Gross;1985-04-27;Finance;0
on!7lB_2Dt;Chelsea Tapia;1984-09-07;Human resources;5
oo5+_eN8iJ;Aiyana Kelley;1969-11-28;Production;3
ot_VH76q+j;Markus Lynch;1981-06-03;Finance;0
P_V4!n1yze;Valery Le;1968-11-28;Human resources;0
p+1-b4ToLw;Melina Hutchinson;1969-06-04;Production;3
P2aJe+_w4i;Kayley Mathis;2002-09-24;Finance;0
P37mj!jHl_;Pierce Olsen;2000-03-12;Management;2
P3yypHx!4-;Elian Chung;1979-07-24;Production;2
P9o!8Hvw!e;Dominick Livingston;1961-05-06;Sales;4
Pe0+C7cm+v;Sadie Cummings;1987-05-19;Finance;0
pjs1Z_+e5D;Cristopher Townsend;1992-05-09;Management;2
Pkqg-Mu84!;Maximus Mcfarland;1979-03-22;Sales;0
Plh+5e_T3z;Sheldon Stokes;1974-08-01;Sales;2
psHy_1I_2m;Dominik Cross;1989-08-31;Human resources;4
pzY4pMj!1-;Dayanara Fitzgerald;2004-06-20;Production;1
q_-28pioQO;Jayla Burch;1961-04-06;Production;6
q_-Cb2nS9e;Billy White;1963-05-05;Production;4
q7wWr_y+9E;Rebecca Ortega;1976-10-23;Finance;4
qi+Gd2T!q7;Kaylyn Perry;1963-09-30;Human resources;4
qi44-Tg+Xh;Ada Leach;1978-11-13;Finance;1
r_9omf_8DH;Reginald Barr;2003-07-29;Production;2
r!g!0ia9ED;Margaret Briggs;1990-03-11;Finance;0
r+2ymDr-0V;Giada Petersen;1977-07-31;Finance;2
sh__z7lR2O;Tatum Melton;1980-05-25;Production;0
sOd!3-1Qde;Kristen Mcconnell;1970-02-25;Finance;2
Sqv_X1vs9+;Jarrett Hardy;1960-03-22;Finance;2
t_-X54tiSa;River Maldonado;1996-03-12;Finance;2
t+q8y_IpH9;Aleah Knapp;1978-12-21;Management;0
t7-+q6JlbY;Felix Sanchez;1977-11-18;Human resources;3
t8gF8Pjy!-;Arnav Clark;1978-07-01;Production;0
t9I_qyyP8!;Dayami Briggs;1988-05-11;Production;1
tc_z0jL3E!;Hailey Wise;1999-03-14;Production;3
tk!+0nHJ2j;Gabrielle Villegas;1979-10-13;Human resources;4
U_l6h9_Ydp;Amari Dickson;1961-09-20;Human resources;6
u3E-zWk5g_;Max Cruz;1995-11-08;Finance;3
u6sUC-6y-f;Bryan Luna;1975-12-04;Human resources;1
u9-pu!W4qY;Keagan Higgins;1982-05-09;Production;0
u90oDcr-X+;Osvaldo Gay;1960-12-30;Sales;2
Uk9m_3ob_I;Kasen Conley;1978-12-31;Finance;1
UX!ps5qu_3;Katelyn Valencia;1974-06-24;Human resources;3
uy4+_UIw3r;Cindy Esparza;1967-01-21;Production;2
UyzT5!+z1q;Camden Ferguson;1984-12-01;Sales;5
v!!EtXe1j3;Maximillian Dorsey;1981-12-04;Sales;1
vf0D-Xi2w-;Elizabeth Lawrence;2003-12-16;Production;0
vs71_PajR+;Holden Monroe;2001-04-06;Production;0
VzCf_8e3!e;Rex Delacruz;1967-02-05;Human resources;0
w!!lV88jFm;Cloe Costa;1978-03-19;Finance;1
W!nj85sQ+o;Maggie Bryant;1983-11-02;Production;7
W90+xkCis+;Rachel Gallagher;1966-10-14;Human resources;7
wU0+g_0lYo;Sean Sweeney;1963-07-11;Human resources;0
x!fpJnV69-;Emery Eaton;1964-09-14;Finance;4
x+C6-s5cpB;Xavier Watts;1968-03-29;Human resources;1
X68W!h-meb;Jacquelyn Harrison;1992-04-22;Finance;3
x8_I5hoHw+;Harry Clayton;1984-01-23;Human resources;1
xGhmc4-1R_;Lyla Martin;1998-05-21;Finance;1
xIxr9C6-+b;Naomi Holloway;1974-01-09;Production;0
xW!+doX1y5;Joe Daniel;1968-03-15;Marketing;2
XyAi!7f!k6;Malaki Reese;1974-10-09;Human resources;1
y_7kXRw_7i;Sebastian Hampton;1978-04-26;Production;1
y4!5-rXUmo;Chace Hooper;1960-12-15;Human resources;1
Yat80hv+C+;Esther Miles;2001-06-24;Production;1
ybG_-8tG5h;Haleigh Cameron;1964-08-27;Finance;1
yJfy-T+1g3;Yael Tate;1960-09-04;Finance;5
YJs_uwt8-8;Demarion Melendez;1975-02-09;Production;4
yo_BaVu_26;Eileen Campbell;1967-04-17;Human resources;2
yp6n2!BF+i;Colin Noble;1967-11-08;Production;2
yPg0-e+T6z;Zachery Ross;1970-12-17;Sales;0
z-l5rY+x7I;Kyle Robles;1997-08-14;Production;3
z11fQ!vn!Z;Lorenzo Lloyd;1970-05-16;Production;3
z87MtU!-cn;Raiden Frazier;1961-09-10;Human resources;3
zazv!6-W6N;Penelope Pugh;1992-07-19;Sales;1
zhqkVH!4-0;Lucy Cortez;1977-07-11;Production;0
Znw_r7Ff8_;Tara Manning;2003-02-25;Production;1
zW2Iz!y+2f;Sullivan Chase;1994-10-27;IT;0
zWi!ga_H15;Chris Mcmahon;1968-10-28;Finance;4
